{
  "version": 1,
  "author": "Varun raj.P",
  "editor": "wokwi",
  "parts": [
    { "type": "wokwi-arduino-uno", "id": "uno", "top": 48.6, "left": -58.2, "attrs": {} },
    {
      "type": "wokwi-pir-motion-sensor",
      "id": "pir1",
      "top": -120.8,
      "left": 223.02,
      "attrs": {}
    },
    {
      "type": "wokwi-servo",
      "id": "servo1",
      "top": 229.4,
      "left": 443.4,
      "rotate": 270,
      "attrs": {}
    },
    {
      "type": "wokwi-servo",
      "id": "servo2",
      "top": 226.6,
      "left": 337,
      "rotate": 270,
      "attrs": {}
    },
    {
      "type": "wokwi-led",
      "id": "led1",
      "top": -109.2,
      "left": 445.4,
      "attrs": { "color": "red" }
    },
    {
      "type": "wokwi-resistor",
      "id": "r1",
      "top": -43.2,
      "left": 460.25,
      "rotate": 90,
      "attrs": { "value": "220000" }
    }
  ],
  "connections": [
    [ "pir1:VCC", "uno:3.3V", "red", [ "v316.8", "h-163.2" ] ],
    [ "pir1:GND", "uno:GND.2", "black", [ "v307.2", "h-163.46" ] ],
    [ "pir1:OUT", "uno:7", "orange", [ "v48", "h-134.54" ] ],
    [ "servo1:PWM", "uno:9", "green", [ "v28.8", "h57.8", "v-374.4", "h-489.6" ] ],
    [ "servo2:PWM", "uno:10", "green", [ "v-182.4", "h-297.8" ] ],
    [ "servo2:V+", "uno:5V", "red", [ "v-48", "h-76.9", "v127.6", "h-242.8" ] ],
    [ "servo2:GND", "uno:GND.3", "black", [ "v60.4", "h-287.2", "v0", "h-4" ] ],
    [ "servo1:GND", "uno:GND.3", "black", [ "v28.8", "h-393.6" ] ],
    [ "servo1:V+", "uno:5V", "red", [ "v38.4", "h-422.3" ] ],
    [ "led1:A", "r1:1", "green", [ "v0" ] ],
    [ "r1:2", "uno:13", "green", [ "h0" ] ],
    [ "led1:C", "uno:GND.3", "black", [ "v172.8", "h-220.4", "v153.6", "h-96" ] ]
  ],
  "dependencies": {}
}